gpa,parent_income,final_score,status
3.67,1250000.00,5.4321,1
3.85,950000.00,5.9876,1
3.55,2500000.00,4.9012,1
3.92,1800000.00,5.7654,1
3.71,700000.00,5.1234,1
3.58,1600000.00,5.3456,1
3.81,1000000.00,5.9012,1
3.95,500000.00,6.1234,1
3.63,2200000.00,5.0123,1
3.78,1400000.00,5.5678,1
3.99,600000.00,6.2345,1
3.51,2800000.00,4.7890,1
3.75,1100000.00,5.6789,1
3.88,850000.00,6.0123,1
3.61,2400000.00,4.8901,1
3.90,1700000.00,5.8765,1
3.73,900000.00,5.4567,1
3.53,2700000.00,4.8012,1
3.83,1300000.00,5.7890,1
3.97,750000.00,6.0987,1
3.65,2100000.00,5.1098,1
3.87,1500000.00,5.6543,1
3.59,2600000.00,4.8765,1
3.91,800000.00,6.1098,1
3.77,1900000.00,5.5432,1
3.69,1200000.00,5.2109,1
3.94,650000.00,6.1987,1
3.56,2300000.00,4.9876,1
3.89,1750000.00,5.8543,1
3.70,1050000.00,5.3210,1
3.62,2850000.00,4.7765,1
3.96,550000.00,6.2109,1
3.79,1650000.00,5.7432,1
3.54,2950000.00,4.6543,1
3.86,1150000.00,5.9109,1
3.66,2050000.00,5.0987,1
3.93,720000.00,6.1876,1
3.57,2550000.00,4.9543,1
3.80,1850000.00,5.8321,1
3.74,1120000.00,5.4109,1
3.60,2650000.00,4.8654,1
3.98,630000.00,6.2098,1
3.72,1350000.00,5.5987,1
3.52,2750000.00,4.7987,1
3.84,1080000.00,5.9321,1
3.68,2250000.00,5.0098,1
3.90,780000.00,6.1765,1
3.50,2900000.00,4.7012,1
3.82,1450000.00,5.7543,1
3.76,980000.00,5.5567,1
3.55,2450000.00,4.9765,1
3.91,670000.00,6.1654,1
3.70,2000000.00,5.1543,1
3.64,1550000.00,5.3012,1
3.95,580000.00,6.2234,1
3.58,2350000.00,4.9210,1
3.87,1700000.00,5.8098,1
3.75,1180000.00,5.4987,1
3.66,2700000.00,4.8109,1
3.92,700000.00,6.1921,1
3.78,1600000.00,5.7109,1
3.53,2800000.00,4.7654,1
3.81,1050000.00,5.8876,1
3.69,2150000.00,5.0765,1
3.94,620000.00,6.2012,1
3.57,2500000.00,4.9432,1
3.88,1800000.00,5.7901,1
3.71,1230000.00,5.3789,1
3.62,2600000.00,4.8876,1
3.96,570000.00,6.2310,1
3.74,1400000.00,5.6123,1
3.50,2900000.00,4.6890,1
3.83,950000.00,6.0012,1
3.65,2200000.00,5.0543,1
3.97,640000.00,6.2123,1
3.59,2400000.00,4.9901,1
3.86,1750000.00,5.8123,1
3.76,1100000.00,5.4543,1
3.67,2850000.00,4.7543,1
3.90,590000.00,6.2210,1
3.72,1650000.00,5.7234,1
3.54,2950000.00,4.6678,1
3.89,1150000.00,5.9654,1
3.60,2050000.00,5.1123,1
3.98,720000.00,6.2054,1
3.56,2550000.00,4.9321,1
3.80,1850000.00,5.8432,1
3.73,1120000.00,5.4012,1
3.61,2650000.00,4.8543,1
3.99,630000.00,6.2187,1
3.77,1350000.00,5.6098,1
3.52,2750000.00,4.7789,1
3.84,1080000.00,5.9432,1
3.68,2250000.00,5.0210,1
3.91,780000.00,6.1789,1
3.50,2900000.00,4.7123,1
3.82,1450000.00,5.7678,1
3.76,980000.00,5.5678,1
3.55,2450000.00,4.9876,1
3.91,670000.00,6.1765,1
3.70,2000000.00,5.1654,1
3.64,1550000.00,5.3123,1
3.95,580000.00,6.2345,1
3.58,2350000.00,4.9321,1
3.87,1700000.00,5.8210,1
3.75,1180000.00,5.5098,1
3.66,2700000.00,4.8210,1
3.92,700000.00,6.2032,1
3.78,1600000.00,5.7221,1
3.53,2800000.00,4.7765,1
3.81,1050000.00,5.8987,1
3.69,2150000.00,5.0876,1
3.94,620000.00,6.2123,1
3.57,2500000.00,4.9543,1
3.88,1800000.00,5.8012,1
3.71,1230000.00,5.3890,1
3.62,2600000.00,4.8987,1
3.96,570000.00,6.2421,1
3.74,1400000.00,5.6234,1
3.50,2900000.00,4.6901,1
3.83,950000.00,6.0123,1
3.65,2200000.00,5.0654,1
3.97,640000.00,6.2234,1
3.59,2400000.00,5.0012,1
3.86,1750000.00,5.8234,1
3.76,1100000.00,5.4654,1
3.67,2850000.00,4.7654,1
3.90,590000.00,6.2321,1
3.72,1650000.00,5.7345,1
3.54,2950000.00,4.6789,1
3.89,1150000.00,5.9765,1
3.60,2050000.00,5.1234,1
3.98,720000.00,6.2165,1
3.56,2550000.00,4.9432,1
3.80,1850000.00,5.8543,1
3.73,1120000.00,5.4123,1
3.61,2650000.00,4.8654,1
3.99,630000.00,6.2298,1
3.77,1350000.00,5.6210,1
3.52,2750000.00,4.7901,1
3.84,1080000.00,5.9543,1
3.68,2250000.00,5.0321,1
3.91,780000.00,6.1890,1
3.50,2900000.00,4.7234,1
3.82,1450000.00,5.7789,1
3.76,980000.00,5.5789,1
3.55,2450000.00,4.9987,1
3.91,670000.00,6.1876,1
3.70,2000000.00,5.1765,1
3.64,1550000.00,5.3234,1
3.95,580000.00,6.2456,1
3.58,2350000.00,4.9432,1
3.87,1700000.00,5.8321,1
3.75,1180000.00,5.5210,1
3.66,2700000.00,4.8321,1
3.92,700000.00,6.2145,1
3.78,1600000.00,5.7332,1
3.53,2800000.00,4.7876,1
3.81,1050000.00,5.9098,1
3.69,2150000.00,5.0987,1
3.94,620000.00,6.2234,1
3.57,2500000.00,4.9654,1
3.88,1800000.00,5.8123,1
3.71,1230000.00,5.4001,1
3.62,2600000.00,4.9098,1
3.96,570000.00,6.2532,1
3.74,1400000.00,5.6345,1
3.50,2900000.00,4.7012,1
3.83,950000.00,6.0234,1
3.65,2200000.00,5.0765,1
3.97,640000.00,6.2345,1
3.59,2400000.00,5.0123,1
3.86,1750000.00,5.8345,1
3.76,1100000.00,5.4765,1
3.67,2850000.00,4.7765,1
3.90,590000.00,6.2432,1
3.72,1650000.00,5.7456,1
3.54,2950000.00,4.6890,1
3.89,1150000.00,5.9876,1
3.60,2050000.00,5.1345,1
3.98,720000.00,6.2276,1
3.56,2550000.00,4.9543,1
3.80,1850000.00,5.8654,1
3.73,1120000.00,5.4234,1
3.61,2650000.00,4.8765,1
3.99,630000.00,6.2409,1
3.77,1350000.00,5.6321,1
3.52,2750000.00,4.8012,1
3.84,1080000.00,5.9654,1
3.68,2250000.00,5.0432,1
3.91,780000.00,6.2001,1
3.50,2900000.00,4.7345,1
3.82,1450000.00,5.7901,1
3.76,980000.00,5.5901,1
3.55,2450000.00,5.0098,1
3.91,670000.00,6.1987,1
3.70,2000000.00,5.1876,1
3.64,1550000.00,5.3345,1
3.95,580000.00,6.2567,1
3.58,2350000.00,4.9543,1
3.87,1700000.00,5.8432,1
3.75,1180000.00,5.5321,1
3.66,2700000.00,4.8432,1
3.92,700000.00,6.2256,1
3.78,1600000.00,5.7443,1
3.53,2800000.00,4.7987,1
3.81,1050000.00,5.9209,1
3.69,2150000.00,5.1098,1
3.94,620000.00,6.2345,1
3.57,2500000.00,4.9765,1
3.88,1800000.00,5.8234,1
3.71,1230000.00,5.4112,1
3.62,2600000.00,4.9209,1
3.96,570000.00,6.2643,1
3.74,1400000.00,5.6456,1
3.50,2900000.00,4.7123,1
3.83,950000.00,6.0345,1
3.65,2200000.00,5.0876,1
3.97,640000.00,6.2456,1
3.59,2400000.00,5.0234,1
3.86,1750000.00,5.8456,1
3.76,1100000.00,5.4876,1
3.67,2850000.00,4.7876,1
3.90,590000.00,6.2543,1
3.72,1650000.00,5.7567,1
3.54,2950000.00,4.7001,1
3.89,1150000.00,5.9987,1
3.60,2050000.00,5.1456,1
3.98,720000.00,6.2387,1
3.56,2550000.00,4.9654,1
3.80,1850000.00,5.8765,1
3.73,1120000.00,5.4345,1
3.61,2650000.00,4.8876,1
3.99,630000.00,6.2521,1
3.77,1350000.00,5.6432,1
3.52,2750000.00,4.8123,1
3.84,1080000.00,5.9765,1
3.68,2250000.00,5.0543,1
3.91,780000.00,6.2112,1
3.50,2900000.00,4.7456,1
3.82,1450000.00,5.8012,1
3.76,980000.00,5.6012,1
3.55,2450000.00,5.0209,1
3.91,670000.00,6.2098,1
3.70,2000000.00,5.1987,1
3.64,1550000.00,5.3456,1
3.95,580000.00,6.2678,1
3.58,2350000.00,4.9654,1
3.87,1700000.00,5.8543,1
3.75,1180000.00,5.5432,1
3.66,2700000.00,4.8543,1
3.92,700000.00,6.2367,1
3.78,1600000.00,5.7554,1
3.53,2800000.00,4.8098,1
3.81,1050000.00,5.9321,1
3.69,2150000.00,5.1209,1
3.94,620000.00,6.2456,1
3.57,2500000.00,4.9876,1
3.88,1800000.00,5.8345,1
3.71,1230000.00,5.4223,1
3.62,2600000.00,4.9321,1
3.96,570000.00,6.2754,1
3.74,1400000.00,5.6567,1
3.50,2900000.00,4.7234,1
3.83,950000.00,6.0456,1
3.65,2200000.00,5.0987,1
3.97,640000.00,6.2567,1
3.59,2400000.00,5.0345,1
3.86,1750000.00,5.8567,1
3.76,1100000.00,5.4987,1
3.67,2850000.00,4.7987,1
3.90,590000.00,6.2654,1
3.72,1650000.00,5.7678,1
3.54,2950000.00,4.7112,1
3.89,1150000.00,6.0098,1
3.60,2050000.00,5.1567,1
3.98,720000.00,6.2498,1
3.56,2550000.00,4.9765,1
3.80,1850000.00,5.8876,1
3.73,1120000.00,5.4456,1
3.61,2650000.00,4.8987,1
3.99,630000.00,6.2632,1
3.77,1350000.00,5.6543,1
3.52,2750000.00,4.8234,1
3.84,1080000.00,5.9876,1
3.68,2250000.00,5.0654,1
3.91,780000.00,6.2223,1
3.50,2900000.00,4.7567,1
3.82,1450000.00,5.8123,1
3.76,980000.00,5.6123,1
3.55,2450000.00,5.0321,1
3.91,670000.00,6.2209,1
3.70,2000000.00,5.2098,1
3.64,1550000.00,5.3567,1
3.95,580000.00,6.2789,1
3.58,2350000.00,4.9765,1
3.87,1700000.00,5.8654,1
3.75,1180000.00,5.5543,1
3.66,2700000.00,4.8654,1
3.92,700000.00,6.2478,1
3.78,1600000.00,5.7665,1
3.53,2800000.00,4.8209,1
3.81,1050000.00,5.9432,1
3.69,2150000.00,5.1321,1
3.94,620000.00,6.2567,1
3.57,2500000.00,4.9987,1
3.88,1800000.00,5.8456,1
3.71,1230000.00,5.4334,1
3.62,2600000.00,4.9432,1
3.96,570000.00,6.2865,1
3.74,1400000.00,5.6678,1
3.50,2900000.00,4.7345,1
3.83,950000.00,6.0567,1
3.65,2200000.00,5.1098,1
3.97,640000.00,6.2678,1
3.59,2400000.00,5.0456,1
3.86,1750000.00,5.8678,1
3.76,1100000.00,5.5098,1
3.67,2850000.00,4.8098,1
3.90,590000.00,6.2765,1
3.72,1650000.00,5.7789,1
3.54,2950000.00,4.7223,1
3.89,1150000.00,6.0209,1
3.60,2050000.00,5.1678,1
3.98,720000.00,6.2609,1
3.56,2550000.00,4.9876,1
3.80,1850000.00,5.8987,1
3.73,1120000.00,5.4567,1
3.61,2650000.00,4.9098,1
3.99,630000.00,6.2743,1
3.77,1350000.00,5.6654,1
3.52,2750000.00,4.8345,1
3.84,1080000.00,5.9987,1
3.68,2250000.00,5.0765,1
3.91,780000.00,6.2334,1
3.50,2900000.00,4.7678,1
3.82,1450000.00,5.8234,1
3.76,980000.00,5.6234,1
3.55,2450000.00,5.0432,1
3.91,670000.00,6.2321,1
3.70,2000000.00,5.2209,1
3.64,1550000.00,5.3678,1
3.95,580000.00,6.2890,1
3.58,2350000.00,4.9876,1
3.87,1700000.00,5.8765,1
3.75,1180000.00,5.5654,1
3.66,2700000.00,4.8765,1
3.92,700000.00,6.2589,1
3.78,1600000.00,5.7776,1
3.53,2800000.00,4.8321,1
3.81,1050000.00,5.9543,1
3.69,2150000.00,5.1432,1
3.94,620000.00,6.2678,1
3.57,2500000.00,5.0098,1
3.88,1800000.00,5.8567,1
3.71,1230000.00,5.4445,1
3.62,2600000.00,4.9543,1
3.96,570000.00,6.2976,1
3.74,1400000.00,5.6789,1
3.50,2900000.00,4.7456,1
3.83,950000.00,6.0678,1
3.65,2200000.00,5.1209,1
3.97,640000.00,6.2789,1
3.59,2400000.00,5.0567,1
3.86,1750000.00,5.8789,1
3.76,1100000.00,5.5109,1
3.67,2850000.00,4.8209,1
3.90,590000.00,6.2876,1
3.72,1650000.00,5.7890,1
3.54,2950000.00,4.7334,1
3.89,1150000.00,6.0321,1
3.60,2050000.00,5.1789,1
3.98,720000.00,6.2721,1
3.56,2550000.00,4.9987,1
3.80,1850000.00,5.9098,1
3.73,1120000.00,5.4678,1
3.61,2650000.00,4.9209,1
3.99,630000.00,6.2854,1
3.77,1350000.00,5.6765,1
3.52,2750000.00,4.8456,1
3.84,1080000.00,6.0098,1
3.68,2250000.00,5.0876,1
3.91,780000.00,6.2445,1
3.50,2900000.00,4.7789,1
3.82,1450000.00,5.8345,1
3.76,980000.00,5.6345,1
3.55,2450000.00,5.0543,1
3.91,670000.00,6.2432,1
3.70,2000000.00,5.2321,1
3.64,1550000.00,5.3789,1
3.95,580000.00,6.3001,1
3.58,2350000.00,4.9987,1
3.87,1700000.00,5.8876,1
3.75,1180000.00,5.5765,1
3.66,2700000.00,4.8876,1
3.92,700000.00,6.2701,1
3.78,1600000.00,5.7887,1
3.53,2800000.00,4.8432,1
3.81,1050000.00,5.9654,1
3.69,2150000.00,5.1543,1
3.94,620000.00,6.2789,1
3.57,2500000.00,5.0209,1
3.88,1800000.00,5.8678,1
3.71,1230000.00,5.4556,1
3.62,2600000.00,4.9654,1
3.96,570000.00,6.3087,1
3.74,1400000.00,5.6890,1
3.50,2900000.00,4.7567,1
3.83,950000.00,6.0789,1
3.65,2200000.00,5.1321,1
3.97,640000.00,6.2890,1
3.59,2400000.00,5.0678,1
3.86,1750000.00,5.8890,1
3.76,1100000.00,5.5209,1
3.67,2850000.00,4.8321,1
3.90,590000.00,6.2987,1
3.72,1650000.00,5.7901,1
3.54,2950000.00,4.7445,1
3.89,1150000.00,6.0432,1
3.60,2050000.00,5.1890,1
3.98,720000.00,6.2832,1
3.56,2550000.00,5.0098,1
3.80,1850000.00,5.9209,1
3.73,1120000.00,5.4789,1
3.61,2650000.00,4.9321,1
3.99,630000.00,6.2965,1
3.77,1350000.00,5.6876,1
3.52,2750000.00,4.8567,1
3.84,1080000.00,6.0209,1
3.68,2250000.00,5.0987,1
3.91,780000.00,6.2556,1
3.50,2900000.00,4.7789,1
3.82,1450000.00,5.8456,1
3.76,980000.00,5.6456,1
3.55,2450000.00,5.0643,1
3.91,670000.00,6.2543,1
3.70,2000000.00,5.2432,1
3.64,1550000.00,5.3890,1
3.95,580000.00,6.3112,1
3.58,2350000.00,5.0098,1
3.87,1700000.00,5.8987,1
3.75,1180000.00,5.5876,1
3.66,2700000.00,4.8987,1
3.92,700000.00,6.2821,1
3.78,1600000.00,5.7998,1
3.53,2800000.00,4.8543,1
3.81,1050000.00,5.9765,1
3.69,2150000.00,5.1654,1
3.94,620000.00,6.2901,1
3.57,2500000.00,5.0321,1
3.88,1800000.00,5.8789,1
3.71,1230000.00,5.4667,1
3.62,2600000.00,4.9765,1
3.96,570000.00,6.3198,1
3.74,1400000.00,5.7001,1
3.50,2900000.00,4.7678,1
3.83,950000.00,6.0901,1
3.65,2200000.00,5.1432,1
3.97,640000.00,6.3001,1
3.59,2400000.00,5.0789,1
3.86,1750000.00,5.8901,1
3.76,1100000.00,5.5321,1
3.67,2850000.00,4.8432,1
3.90,590000.00,6.3098,1
3.72,1650000.00,5.8012,1
3.54,2950000.00,4.7556,1
3.89,1150000.00,6.0543,1
3.60,2050000.00,5.1901,1
3.98,720000.00,6.2943,1
3.56,2550000.00,5.0209,1
3.80,1850000.00,5.9321,1
3.73,1120000.00,5.4901,1
3.61,2650000.00,4.9432,1
3.99,630000.00,6.3076,1
3.77,1350000.00,5.6987,1
3.52,2750000.00,4.8678,1
3.84,1080000.00,6.0321,1
3.68,2250000.00,5.1098,1
3.91,780000.00,6.2667,1
3.50,2900000.00,4.7901,1
3.82,1450000.00,5.8567,1
3.76,980000.00,5.6567,1
3.55,2450000.00,5.0754,1
3.91,670000.00,6.2654,1
3.70,2000000.00,5.2543,1
3.64,1550000.00,5.4001,1
3.95,580000.00,6.3223,1
3.58,2350000.00,5.0209,1
3.87,1700000.00,5.9098,1
3.75,1180000.00,5.5987,1
3.66,2700000.00,4.9098,1
3.92,700000.00,6.2932,1
3.78,1600000.00,5.8098,1
3.53,2800000.00,4.8654,1
3.81,1050000.00,5.9876,1
3.69,2150000.00,5.1765,1
3.94,620000.00,6.3012,1
3.57,2500000.00,5.0432,1
3.88,1800000.00,5.8890,1
3.71,1230000.00,5.4778,1
3.62,2600000.00,4.9876,1
3.96,570000.00,6.3309,1
3.74,1400000.00,5.7112,1
3.50,2900000.00,4.7789,1
3.83,950000.00,6.1012,1
3.65,2200000.00,5.1543,1
3.97,640000.00,6.3112,1
3.59,2400000.00,5.0901,1
3.86,1750000.00,5.9001,1
3.76,1100000.00,5.5432,1
3.67,2850000.00,4.8543,1
3.90,590000.00,6.3209,1
3.72,1650000.00,5.8123,1
3.54,2950000.00,4.7667,1
3.89,1150000.00,6.0654,1
3.60,2050000.00,5.2001,1
3.98,720000.00,6.3054,1
3.56,2550000.00,5.0321,1
3.80,1850000.00,5.9432,1
3.73,1120000.00,5.5012,1
3.61,2650000.00,4.9543,1
3.99,630000.00,6.3187,1
3.77,1350000.00,5.7098,1
3.52,2750000.00,4.8789,1
3.84,1080000.00,6.0432,1
3.68,2250000.00,5.1209,1
3.91,780000.00,6.2778,1
3.50,2900000.00,4.8012,1
3.82,1450000.00,5.8678,1
3.76,980000.00,5.6678,1
3.55,2450000.00,5.0865,1
3.91,670000.00,6.2765,1
3.70,2000000.00,5.2654,1
3.64,1550000.00,5.4112,1
3.95,580000.00,6.3334,1
3.58,2350000.00,5.0321,1
3.87,1700000.00,5.9209,1
3.75,1180000.00,5.6098,1
3.66,2700000.00,4.9209,1
3.92,700000.00,6.3043,1
3.78,1600000.00,5.8209,1
3.53,2800000.00,4.8765,1
3.81,1050000.00,5.9987,1
3.69,2150000.00,5.1876,1
3.94,620000.00,6.3123,1
3.57,2500000.00,5.0543,1
3.88,1800000.00,5.8901,1
3.71,1230000.00,5.4889,1
3.62,2600000.00,4.9987,1
3.96,570000.00,6.3421,1
3.74,1400000.00,5.7223,1
3.50,2900000.00,4.7901,1
3.83,950000.00,6.1123,1
3.65,2200000.00,5.1654,1
3.97,640000.00,6.3223,1
3.59,2400000.00,5.1012,1
3.86,1750000.00,5.9012,1
3.76,1100000.00,5.5543,1
3.67,2850000.00,4.8654,1
3.90,590000.00,6.3321,1
3.72,1650000.00,5.8234,1
3.54,2950000.00,4.7778,1
3.89,1150000.00,6.0765,1
3.60,2050000.00,5.2112,1
3.98,720000.00,6.3165,1
3.56,2550000.00,5.0432,1
3.80,1850000.00,5.9543,1
3.73,1120000.00,5.5123,1
3.61,2650000.00,4.9654,1
3.99,630000.00,6.3298,1
3.77,1350000.00,5.7209,1
3.52,2750000.00,4.8890,1
3.84,1080000.00,6.0543,1
3.68,2250000.00,5.1321,1
3.91,780000.00,6.2889,1
3.50,2900000.00,4.8123,1
3.82,1450000.00,5.8789,1
3.76,980000.00,5.6789,1
3.55,2450000.00,5.0976,1
3.91,670000.00,6.2876,1
3.70,2000000.00,5.2765,1
3.64,1550000.00,5.4223,1
3.95,580000.00,6.3445,1
3.58,2350000.00,5.0432,1
3.87,1700000.00,5.9321,1
3.75,1180000.00,5.6109,1
3.66,2700000.00,4.9321,1
3.92,700000.00,6.3154,1
3.78,1600000.00,5.8321,1
3.53,2800000.00,4.8876,1
3.81,1050000.00,6.0098,1
3.69,2150000.00,5.1987,1
3.94,620000.00,6.3234,1
3.57,2500000.00,5.0654,1
3.88,1800000.00,5.9012,1
3.71,1230000.00,5.4990,1
3.62,2600000.00,5.0098,1
3.96,570000.00,6.3532,1
3.74,1400000.00,5.7334,1
3.50,2900000.00,4.8012,1
3.83,950000.00,6.1234,1
3.65,2200000.00,5.1765,1
3.97,640000.00,6.3334,1
3.59,2400000.00,5.1123,1
3.86,1750000.00,5.9123,1
3.76,1100000.00,5.5654,1
3.67,2850000.00,4.8765,1
3.90,590000.00,6.3432,1
3.72,1650000.00,5.8345,1
3.54,2950000.00,4.7889,1
3.89,1150000.00,6.0876,1
3.60,2050000.00,5.2223,1
3.98,720000.00,6.3276,1
3.56,2550000.00,5.0543,1
3.80,1850000.00,5.9654,1
3.73,1120000.00,5.5234,1
3.61,2650000.00,4.9765,1
3.99,630000.00,6.3409,1
3.77,1350000.00,5.7321,1
3.52,2750000.00,4.9001,1
3.84,1080000.00,6.0654,1
3.68,2250000.00,5.1432,1
3.91,780000.00,6.2990,1
3.50,2900000.00,4.8234,1
3.82,1450000.00,5.8890,1
3.76,980000.00,5.6890,1
3.55,2450000.00,5.1087,1
3.91,670000.00,6.2987,1
3.70,2000000.00,5.2876,1
3.64,1550000.00,5.4334,1
3.95,580000.00,6.3556,1
3.58,2350000.00,5.0543,1
3.87,1700000.00,5.9432,1
3.75,1180000.00,5.6209,1
3.66,2700000.00,4.9432,1
3.92,700000.00,6.3265,1
3.78,1600000.00,5.8432,1
3.53,2800000.00,4.8987,1
3.81,1050000.00,6.0209,1
3.69,2150000.00,5.2098,1
3.94,620000.00,6.3345,1
3.57,2500000.00,5.0765,1
3.88,1800000.00,5.9123,1
3.71,1230000.00,5.5101,1
3.62,2600000.00,5.0209,1
3.96,570000.00,6.3643,1
3.74,1400000.00,5.7445,1
3.50,2900000.00,4.8123,1
3.83,950000.00,6.1345,1
3.65,2200000.00,5.1876,1
3.97,640000.00,6.3445,1
3.59,2400000.00,5.1234,1
3.86,1750000.00,5.9234,1
3.76,1100000.00,5.5765,1
3.67,2850000.00,4.8876,1
3.90,590000.00,6.3543,1
3.72,1650000.00,5.8456,1
3.54,2950000.00,4.7990,1
3.89,1150000.00,6.0987,1
3.60,2050000.00,5.2334,1
3.98,720000.00,6.3387,1
3.56,2550000.00,5.0654,1
3.80,1850000.00,5.9765,1
3.73,1120000.00,5.5345,1
3.61,2650000.00,4.9876,1
3.99,630000.00,6.3521,1
3.77,1350000.00,5.7432,1
3.52,2750000.00,4.9112,1
3.84,1080000.00,6.0765,1
3.68,2250000.00,5.1543,1
3.91,780000.00,6.3101,1
3.50,2900000.00,4.8345,1
3.82,1450000.00,5.8901,1
3.76,980000.00,5.6901,1
3.55,2450000.00,5.1198,1
3.91,670000.00,6.3101,1
3.70,2000000.00,5.2987,1
3.64,1550000.00,5.4445,1
3.95,580000.00,6.3667,1
3.58,2350000.00,5.0654,1
3.87,1700000.00,5.9543,1
3.75,1180000.00,5.6321,1
3.66,2700000.00,4.9543,1
3.92,700000.00,6.3376,1
3.78,1600000.00,5.8543,1
3.53,2800000.00,4.9098,1
3.81,1050000.00,6.0321,1
3.69,2150000.00,5.2109,1
3.94,620000.00,6.3456,1
3.57,2500000.00,5.0876,1
3.88,1800000.00,5.9234,1
3.71,1230000.00,5.5212,1
3.62,2600000.00,5.0321,1
3.96,570000.00,6.3754,1
3.74,1400000.00,5.7556,1
3.50,2900000.00,4.8234,1
3.83,950000.00,6.1456,1
3.65,2200000.00,5.1987,1
3.97,640000.00,6.3556,1
3.59,2400000.00,5.1345,1
3.86,1750000.00,5.9345,1
3.76,1100000.00,5.5876,1
3.67,2850000.00,4.8987,1
3.90,590000.00,6.3654,1
3.72,1650000.00,5.8567,1
3.54,2950000.00,4.8090,1
3.89,1150000.00,6.1098,1
3.60,2050000.00,5.2445,1
3.98,720000.00,6.3498,1
3.56,2550000.00,5.0765,1
3.80,1850000.00,5.9876,1
3.73,1120000.00,5.5456,1
3.61,2650000.00,4.9987,1
3.99,630000.00,6.3632,1
3.77,1350000.00,5.7543,1
3.52,2750000.00,4.9223,1
3.84,1080000.00,6.0876,1
3.68,2250000.00,5.1654,1
3.91,780000.00,6.3212,1
3.50,2900000.00,4.8456,1
3.82,1450000.00,5.9012,1
3.76,980000.00,5.7001,1
3.55,2450000.00,5.1309,1
3.91,670000.00,6.3210,1
3.70,2000000.00,5.3098,1
3.64,1550000.00,5.4556,1
3.95,580000.00,6.3778,1
3.58,2350000.00,5.0654,1
3.87,1700000.00,5.9654,1
3.75,1180000.00,5.6432,1
3.66,2700000.00,4.9654,1
3.92,700000.00,6.3487,1
3.78,1600000.00,5.8654,1
3.53,2800000.00,4.9209,1
3.81,1050000.00,6.0432,1
3.69,2150000.00,5.2209,1
3.94,620000.00,6.3567,1
3.57,2500000.00,5.0987,1
3.88,1800000.00,5.9234,1
3.71,1230000.00,5.5323,1
3.62,2600000.00,5.0321,1
3.96,570000.00,6.3865,1
3.74,1400000.00,5.7667,1
3.50,2900000.00,4.8345,1
3.83,950000.00,6.1567,1
3.65,2200000.00,5.2098,1
3.97,640000.00,6.3667,1
3.59,2400000.00,5.1456,1
3.86,1750000.00,5.9456,1
3.76,1100000.00,5.5890,1
3.67,2850000.00,4.9098,1
3.90,590000.00,6.3765,1
3.72,1650000.00,5.8678,1
3.54,2950000.00,4.8201,1
3.89,1150000.00,6.1209,1
3.60,2050000.00,5.2556,1
3.98,720000.00,6.3609,1
3.56,2550000.00,5.0876,1
3.80,1850000.00,5.9987,1
3.73,1120000.00,5.5567,1
3.61,2650000.00,5.0098,1
3.99,630000.00,6.3743,1
3.77,1350000.00,5.7654,1
3.52,2750000.00,4.9334,1
3.84,1080000.00,6.0987,1
3.68,2250000.00,5.1765,1
3.91,780000.00,6.3323,1
3.50,2900000.00,4.8567,1
3.82,1450000.00,5.9123,1
3.76,980000.00,5.7112,1
3.55,2450000.00,5.1410,1
3.91,670000.00,6.3323,1
3.70,2000000.00,5.3209,1
3.64,1550000.00,5.4667,1
3.95,580000.00,6.3889,1
3.58,2350000.00,5.0765,1
3.87,1700000.00,5.9765,1
3.75,1180000.00,5.6543,1
3.66,2700000.00,4.9765,1
3.92,700000.00,6.3598,1
3.78,1600000.00,5.8765,1
3.53,2800000.00,4.9321,1
3.81,1050000.00,6.0543,1
3.69,2150000.00,5.2321,1
3.94,620000.00,6.3678,1
3.57,2500000.00,5.1098,1
3.88,1800000.00,5.9345,1
3.71,1230000.00,5.5434,1
3.62,2600000.00,5.0432,1
3.96,570000.00,6.3976,1
3.74,1400000.00,5.7778,1
3.50,2900000.00,4.8456,1
3.83,950000.00,6.1678,1
3.65,2200000.00,5.2209,1
3.97,640000.00,6.3778,1
3.59,2400000.00,5.1567,1
3.86,1750000.00,5.9567,1
3.76,1100000.00,5.5901,1
3.67,2850000.00,4.9109,1
3.90,590000.00,6.3876,1
3.72,1650000.00,5.8789,1
3.54,2950000.00,4.8312,1
3.89,1150000.00,6.1321,1
3.60,2050000.00,5.2667,1
3.98,720000.00,6.3721,1
3.56,2550000.00,5.0987,1
3.80,1850000.00,6.0098,1
3.73,1120000.00,5.5678,1
3.61,2650000.00,5.0209,1
3.99,630000.00,6.3854,1
3.77,1350000.00,5.7765,1
3.52,2750000.00,4.9445,1
3.84,1080000.00,6.1098,1
3.68,2250000.00,5.1876,1
3.91,780000.00,6.3434,1
3.50,2900000.00,4.8678,1
3.82,1450000.00,5.9234,1
3.76,980000.00,5.7223,1
3.55,2450000.00,5.1521,1
3.91,670000.00,6.3434,1
3.70,2000000.00,5.3321,1
3.64,1550000.00,5.4778,1
3.95,580000.00,6.3990,1
3.58,2350000.00,5.0876,1
3.87,1700000.00,5.9876,1
3.75,1180000.00,5.6654,1
3.66,2700000.00,4.9876,1
3.92,700000.00,6.3709,1
3.78,1600000.00,5.8876,1
3.53,2800000.00,4.9432,1
3.81,1050000.00,6.0654,1
3.69,2150000.00,5.2432,1
3.94,620000.00,6.3789,1
3.57,2500000.00,5.1209,1
3.88,1800000.00,5.9456,1
3.71,1230000.00,5.5545,1
3.62,2600000.00,5.0543,1
3.96,570000.00,6.4087,1
3.74,1400000.00,5.7889,1
3.50,2900000.00,4.8567,1
3.83,950000.00,6.1789,1
3.65,2200000.00,5.2321,1
3.97,640000.00,6.3889,1
3.59,2400000.00,5.1678,1
3.86,1750000.00,5.9678,1
3.76,1100000.00,5.6012,1
3.67,2850000.00,4.9220,1
3.90,590000.00,6.3987,1
3.72,1650000.00,5.8890,1
3.54,2950000.00,4.8423,1
3.89,1150000.00,6.1432,1
3.60,2050000.00,5.2778,1
3.98,720000.00,6.3832,1
3.56,2550000.00,5.1098,1
3.80,1850000.00,6.0209,1
3.73,1120000.00,5.5789,1
3.61,2650000.00,5.0321,1
3.99,630000.00,6.3954,1
3.77,1350000.00,5.7876,1
3.52,2750000.00,4.9556,1
3.84,1080000.00,6.1209,1
3.68,2250000.00,5.1987,1
3.91,780000.00,6.3545,1
2.45,8500000.00,0.9876,0
2.15,9000000.00,0.8765,0
2.85,5500000.00,1.5432,0
2.05,9500000.00,0.7654,0
2.65,7500000.00,1.2345,0
2.35,8800000.00,0.9012,0
2.95,6000000.00,1.6543,0
2.00,9800000.00,0.6789,0
2.55,8200000.00,1.0987,0
2.25,9200000.00,0.8012,0
2.75,6500000.00,1.4321,0
2.10,9300000.00,0.7890,0
2.80,7000000.00,1.3456,0
2.40,8600000.00,1.0123,0
2.60,8000000.00,1.1234,0
2.30,9100000.00,0.8543,0
2.90,6200000.00,1.6098,0
2.02,9700000.00,0.6901,0
2.50,8400000.00,1.0567,0
2.20,9400000.00,0.8321,0
2.70,6800000.00,1.3890,0
2.17,9600000.00,0.7321,0
2.87,5800000.00,1.5789,0
2.03,9900000.00,0.6678,0
2.63,7800000.00,1.2678,0
2.33,8900000.00,0.8890,0
2.93,6100000.00,1.6321,0
2.07,9650000.00,0.7109,0
2.57,8300000.00,1.1098,0
2.27,9050000.00,0.8432,0
2.77,6600000.00,1.4567,0
2.12,9450000.00,0.7543,0
2.82,6900000.00,1.3678,0
2.42,8700000.00,1.0012,0
2.62,8100000.00,1.1345,0
2.32,9150000.00,0.8654,0
2.92,6300000.00,1.6210,0
2.01,9750000.00,0.6890,0
2.51,8350000.00,1.0789,0
2.21,9350000.00,0.8210,0
2.71,6700000.00,1.4012,0
2.16,9550000.00,0.7432,0
2.86,5900000.00,1.5567,0
2.04,9850000.00,0.6789,0
2.64,7900000.00,1.2789,0
2.34,8950000.00,0.8901,0
2.94,6050000.00,1.6432,0
2.06,9720000.00,0.7012,0
2.56,8250000.00,1.1123,0
2.26,9080000.00,0.8521,0
2.76,6550000.00,1.4456,0
2.11,9420000.00,0.7654,0
2.81,6950000.00,1.3567,0
2.41,8750000.00,1.0234,0
2.61,8050000.00,1.1456,0
2.31,9180000.00,0.8765,0
2.91,6250000.00,1.6109,0
2.08,9680000.00,0.7210,0
2.58,8280000.00,1.1012,0
2.28,9020000.00,0.8321,0
2.78,6650000.00,1.4678,0
2.13,9520000.00,0.7567,0
2.83,6930000.00,1.3789,0
2.43,8730000.00,1.0109,0
2.63,8130000.00,1.1567,0
2.33,9130000.00,0.8876,0
2.93,6230000.00,1.6321,0
2.09,9630000.00,0.7234,0
2.59,8330000.00,1.0890,0
2.29,9070000.00,0.8456,0
2.79,6730000.00,1.4123,0
2.14,9470000.00,0.7345,0
2.84,5930000.00,1.5678,0
2.04,9880000.00,0.6754,0
2.64,7830000.00,1.2890,0
2.34,8930000.00,0.8987,0
2.94,6030000.00,1.6432,0
2.06,9780000.00,0.6987,0
2.56,8230000.00,1.1210,0
2.26,9030000.00,0.8678,0
2.76,6530000.00,1.4345,0
2.11,9480000.00,0.7678,0
2.81,6980000.00,1.3432,0
2.41,8780000.00,1.0345,0
2.61,8030000.00,1.1678,0
2.31,9180000.00,0.8789,0
2.91,6280000.00,1.6098,0
2.08,9680000.00,0.7123,0
2.58,8280000.00,1.1109,0
2.28,9020000.00,0.8543,0
2.78,6680000.00,1.4789,0
2.13,9520000.00,0.7456,0
2.83,6930000.00,1.3890,0
2.43,8730000.00,1.0209,0
2.63,8130000.00,1.1789,0
2.33,9130000.00,0.8987,0
2.93,6230000.00,1.6432,0
2.09,9630000.00,0.7345,0
2.59,8330000.00,1.0987,0
2.29,9070000.00,0.8567,0
2.79,6730000.00,1.4234,0
2.14,9470000.00,0.7567,0
2.84,5930000.00,1.5789,0
2.04,9880000.00,0.6865,0
2.64,7830000.00,1.2901,0
2.34,8930000.00,0.9098,0
2.94,6030000.00,1.6543,0
2.06,9780000.00,0.7098,0
2.56,8230000.00,1.1321,0
2.26,9030000.00,0.8789,0
2.76,6530000.00,1.4456,0
2.11,9480000.00,0.7789,0
2.81,6980000.00,1.3543,0
2.41,8780000.00,1.0456,0
2.61,8030000.00,1.1890,0
2.31,9180000.00,0.8801,0
2.91,6280000.00,1.6209,0
2.08,9680000.00,0.7234,0
2.58,8280000.00,1.1210,0
2.28,9020000.00,0.8654,0
2.78,6680000.00,1.4890,0
2.13,9520000.00,0.7567,0
2.83,6930000.00,1.3901,0
2.43,8730000.00,1.0309,0
2.63,8130000.00,1.1901,0
2.33,9130000.00,0.9098,0
2.93,6230000.00,1.6543,0
2.09,9630000.00,0.7456,0
2.59,8330000.00,1.1098,0
2.29,9070000.00,0.8678,0
2.79,6730000.00,1.4345,0
2.14,9470000.00,0.7678,0
2.84,5930000.00,1.5901,0
2.04,9880000.00,0.6976,0
2.64,7830000.00,1.3001,0
2.34,8930000.00,0.9209,0
2.94,6030000.00,1.6654,0
2.06,9780000.00,0.7209,0
2.56,8230000.00,1.1432,0
2.26,9030000.00,0.8890,0
2.76,6530000.00,1.4567,0
2.11,9480000.00,0.7890,0
2.81,6980000.00,1.3654,0
2.41,8780000.00,1.0567,0
2.61,8030000.00,1.2001,0
2.31,9180000.00,0.8901,0
2.91,6280000.00,1.6321,0
2.08,9680000.00,0.7345,0
2.58,8280000.00,1.1321,0
2.28,9020000.00,0.8765,0
2.78,6680000.00,1.5001,0
2.13,9520000.00,0.7678,0
2.83,6930000.00,1.4012,0
2.43,8730000.00,1.0409,0
2.63,8130000.00,1.2112,0
2.33,9130000.00,0.9209,0
2.93,6230000.00,1.6654,0
2.09,9630000.00,0.7567,0
2.59,8330000.00,1.1209,0
2.29,9070000.00,0.8890,0
2.79,6730000.00,1.4456,0
2.14,9470000.00,0.7789,0
2.84,5930000.00,1.6012,0
2.04,9880000.00,0.7087,0
2.64,7830000.00,1.3112,0
2.34,8930000.00,0.9321,0
2.94,6030000.00,1.6765,0
2.06,9780000.00,0.7321,0
2.56,8230000.00,1.1543,0
2.26,9030000.00,0.8901,0
2.76,6530000.00,1.4678,0
2.11,9480000.00,0.7901,0
2.81,6980000.00,1.3765,0
2.41,8780000.00,1.0678,0
2.61,8030000.00,1.2112,0
2.31,9180000.00,0.9012,0
2.91,6280000.00,1.6432,0
2.08,9680000.00,0.7456,0
2.58,8280000.00,1.1432,0
2.28,9020000.00,0.8876,0
2.78,6680000.00,1.5112,0
2.13,9520000.00,0.7789,0
2.83,6930000.00,1.4123,0
2.43,8730000.00,1.0509,0
2.63,8130000.00,1.2223,0
2.33,9130000.00,0.9321,0
2.93,6230000.00,1.6765,0
2.09,9630000.00,0.7678,0
2.59,8330000.00,1.1321,0
2.29,9070000.00,0.8987,0
2.79,6730000.00,1.4567,0
2.14,9470000.00,0.7890,0
2.84,5930000.00,1.6123,0
2.04,9880000.00,0.7187,0
2.64,7830000.00,1.3223,0
2.34,8930000.00,0.9432,0
2.94,6030000.00,1.6876,0
2.06,9780000.00,0.7432,0
2.56,8230000.00,1.1654,0
2.26,9030000.00,0.9001,0
2.76,6530000.00,1.4789,0
2.11,9480000.00,0.8012,0
2.81,6980000.00,1.3876,0
2.41,8780000.00,1.0789,0
2.61,8030000.00,1.2323,0
2.31,9180000.00,0.9112,0
2.91,6280000.00,1.6543,0
2.08,9680000.00,0.7567,0
2.58,8280000.00,1.1543,0
2.28,9020000.00,0.8987,0
2.78,6680000.00,1.5223,0
2.13,9520000.00,0.7901,0
2.83,6930000.00,1.4234,0
2.43,8730000.00,1.0610,0
2.63,8130000.00,1.2334,0
2.33,9130000.00,0.9432,0
2.93,6230000.00,1.6876,0
2.09,9630000.00,0.7789,0
2.59,8330000.00,1.1432,0
2.29,9070000.00,0.9109,0
2.79,6730000.00,1.4678,0
2.14,9470000.00,0.8012,0
2.84,5930000.00,1.6234,0
2.04,9880000.00,0.7298,0
2.64,7830000.00,1.3334,0
2.34,8930000.00,0.9543,0
2.94,6030000.00,1.6987,0
2.06,9780000.00,0.7543,0
2.56,8230000.00,1.1765,0
2.26,9030000.00,0.9112,0
2.76,6530000.00,1.4890,0
2.11,9480000.00,0.8123,0
2.81,6980000.00,1.3987,0
2.41,8780000.00,1.0890,0
2.61,8030000.00,1.2434,0
2.31,9180000.00,0.9223,0
2.91,6280000.00,1.6654,0
2.08,9680000.00,0.7678,0
2.58,8280000.00,1.1654,0
2.28,9020000.00,0.9109,0
2.78,6680000.00,1.5334,0
2.13,9520000.00,0.8012,0
2.83,6930000.00,1.4345,0
2.43,8730000.00,1.0710,0
2.63,8130000.00,1.2445,0
2.33,9130000.00,0.9543,0
2.93,6230000.00,1.6987,0
2.09,9630000.00,0.7789,0
2.59,8330000.00,1.1543,0
2.29,9070000.00,0.9220,0
2.79,6730000.00,1.4789,0
2.14,9470000.00,0.8123,0
2.84,5930000.00,1.6345,0
2.04,9880000.00,0.7409,0
2.64,7830000.00,1.3445,0
2.34,8930000.00,0.9654,0
2.94,6030000.00,1.7098,0
2.06,9780000.00,0.7654,0
2.56,8230000.00,1.1876,0
2.26,9030000.00,0.9223,0
2.76,6530000.00,1.5001,0
2.11,9480000.00,0.8234,0
2.81,6980000.00,1.4098,0
2.41,8780000.00,1.1001,0
2.61,8030000.00,1.2545,0
2.31,9180000.00,0.9334,0
2.91,6280000.00,1.6765,0
2.08,9680000.00,0.7789,0
2.58,8280000.00,1.1765,0
2.28,9020000.00,0.9220,0
2.78,6680000.00,1.5445,0
2.13,9520000.00,0.8123,0
2.83,6930000.00,1.4456,0
2.43,8730000.00,1.0810,0
2.63,8130000.00,1.2556,0
2.33,9130000.00,0.9654,0
2.93,6230000.00,1.7098,0
2.09,9630000.00,0.7901,0
2.59,8330000.00,1.1654,0
2.29,9070000.00,0.9331,0
2.79,6730000.00,1.4890,0
2.14,9470000.00,0.8234,0
2.84,5930000.00,1.6456,0
2.04,9880000.00,0.7510,0
2.64,7830000.00,1.3556,0
2.34,8930000.00,0.9765,0
2.94,6030000.00,1.7209,0
2.06,9780000.00,0.7765,0
2.56,8230000.00,1.1987,0
2.26,9030000.00,0.9334,0
2.76,6530000.00,1.5112,0
2.11,9480000.00,0.8345,0
2.81,6980000.00,1.4209,0
2.41,8780000.00,1.1112,0
2.61,8030000.00,1.2656,0
2.31,9180000.00,0.9445,0
2.91,6280000.00,1.6876,0
2.08,9680000.00,0.7901,0
2.58,8280000.00,1.1876,0
2.28,9020000.00,0.9331,0
2.78,6680000.00,1.5556,0
2.13,9520000.00,0.8234,0
2.83,6930000.00,1.4567,0
2.43,8730000.00,1.0910,0
2.63,8130000.00,1.2667,0
2.33,9130000.00,0.9765,0
2.93,6230000.00,1.7209,0
2.09,9630000.00,0.8012,0
2.59,8330000.00,1.1765,0
2.29,9070000.00,0.9442,0
2.79,6730000.00,1.5001,0
2.14,9470000.00,0.8345,0
2.84,5930000.00,1.6567,0
2.04,9880000.00,0.7621,0
2.64,7830000.00,1.3667,0
2.34,8930000.00,0.9876,0
2.94,6030000.00,1.7321,0
2.06,9780000.00,0.7876,0
2.56,8230000.00,1.2098,0
2.26,9030000.00,0.9445,0
2.76,6530000.00,1.5223,0
2.11,9480000.00,0.8456,0
2.81,6980000.00,1.4321,0
2.41,8780000.00,1.1223,0
2.61,8030000.00,1.2767,0
2.31,9180000.00,0.9556,0
2.91,6280000.00,1.6987,0
2.08,9680000.00,0.8012,0
2.58,8280000.00,1.1987,0
2.28,9020000.00,0.9442,0
2.78,6680000.00,1.5667,0
2.13,9520000.00,0.8345,0
2.83,6930000.00,1.4678,0
2.43,8730000.00,1.1010,0
2.63,8130000.00,1.2778,0
2.33,9130000.00,0.9876,0
2.93,6230000.00,1.7321,0
2.09,9630000.00,0.8123,0
2.59,8330000.00,1.1876,0
2.29,9070000.00,0.9553,0
2.79,6730000.00,1.5112,0
2.14,9470000.00,0.8456,0
2.84,5930000.00,1.6678,0
2.04,9880000.00,0.7732,0
2.64,7830000.00,1.3778,0
2.34,8930000.00,0.9987,0
2.94,6030000.00,1.7432,0
2.06,9780000.00,0.7987,0
2.56,8230000.00,1.2209,0
2.26,9030000.00,0.9556,0
2.76,6530000.00,1.5334,0
2.11,9480000.00,0.8567,0
2.81,6980000.00,1.4432,0
2.41,8780000.00,1.1334,0
2.61,8030000.00,1.2878,0
2.31,9180000.00,0.9667,0
2.91,6280000.00,1.7098,0
2.08,9680000.00,0.8123,0
2.58,8280000.00,1.2098,0
2.28,9020000.00,0.9553,0
2.78,6680000.00,1.5778,0
2.13,9520000.00,0.8456,0
2.83,6930000.00,1.4789,0
2.43,8730000.00,1.1110,0
2.63,8130000.00,1.2889,0
2.33,9130000.00,0.9987,0
2.93,6230000.00,1.7432,0
2.09,9630000.00,0.8234,0
2.59,8330000.00,1.1987,0
2.29,9070000.00,0.9664,0
2.79,6730000.00,1.5223,0
2.14,9470000.00,0.8567,0